size_of_data,virtual_address,entropy,malware
51712,4096,6.611198891,0
28672,4096,6.497884652,0
24064,4096,6.372287631,0
1269248,4096,6.363903091,0
32256,4096,6.2615638,0
18944,4096,6.426764006,0
429568,4096,6.375180318,0
790528,4096,6.054359765,0
5120,4096,5.671426812,0
136704,4096,6.595292753,0
28672,4096,6.497884652,0
415232,4096,6.269254,0
18944,4096,6.704828418,0
12288,4096,6.261389419,0
270336,4096,6.487768106,0
28672,4096,6.497884652,0
5632,4096,5.578242631,0
95744,4096,6.344437158,0
1695744,4096,6.511289973,0
2705920,4096,6.561553953,1
371712,4096,6.533088779,1
651264,4096,7.318979821,1
24576,4096,6.067858427,1
2783232,4096,3.335494542,1
88064,4096,6.479477631,1
24576,4096,6.42419454,1
286720,4096,6.585726497,1
241152,8192,7.06415395,1
364544,4096,6.434692978,1
47616,4096,5.557818187,1